CountryCode,Color,HasLowTesting,LastUpdate,NotificationRatePer100000,PositiveRate,TestsPer100000
AGO,NO_DATA,True,2022-03-12,0.08420000000000982,0.007898448519046511,70.90000000000032
ALB,NO_DATA,True,2022-06-22,0.0,0.0,91.89999999999827
AND,NO_DATA,False,2022-02-17,0.0,0.0,1097.0000000000255
ARE,NO_DATA,False,2022-06-23,0.0,0.0,23467.399999999907
ARG,NO_DATA,False,2022-06-04,3.660700000001816,0.20007113640405713,562.2999999999934
ARM,NO_DATA,False,2022-05-30,0.0,0.0,368.00000000000637
AUS,NO_DATA,False,2022-06-22,37.62410000000382,0.9807382476275008,1812.400000000025
AUT,NO_DATA,False,2022-06-23,0.0,0.0,6763.600000000224
AZE,NO_DATA,True,2022-05-29,0.5116999999998371,0.23324856961277896,157.2999999999979
BDI,NO_DATA,True,2022-03-12,0.02329999999992651,0.0,131.3999999999993
BEL,NO_DATA,False,2022-06-19,3.388800000003539,0.23652060359890117,689.1999999999825
BFA,NO_DATA,True,2022-02-15,0.03089999999999691,0.03826086956520229,11.500000000000021
BGD,NO_DATA,True,2022-06-22,0.21269999999985884,0.8556701030926342,9.700000000000841
BGR,NO_DATA,False,2022-06-22,1.9168000000005123,0.31302281368778273,315.5999999999949
BHR,NO_DATA,False,2022-06-23,0.0,0.0,2975.3999999999905
BHS,NO_DATA,False,2022-05-25,0.0,0.0,517.4999999999955
BIH,NO_DATA,False,2022-01-05,0.4948000000003958,0.0495130086723908,749.5000000000005
BLR,NO_DATA,False,2022-05-07,0.0,0.0,475.4000000000133
BLZ,NO_DATA,False,2022-04-04,0.0,0.0,1057.6999999999998
BMU,NO_DATA,False,2022-06-08,0.0,0.0,14338.299999999997
BOL,NO_DATA,False,2022-06-17,0.0,0.0,363.70000000000005
BRA,NO_DATA,False,2022-02-15,0.0,0.0,910.3000000000009
BRB,NO_DATA,False,2022-06-18,5.325899999996182,0.05623218245142476,1262.8000000000156
BTN,NO_DATA,False,2022-02-27,0.0,0.0,7555.500000000029
BWA,NO_DATA,False,2022-01-21,0.1900999999998021,0.005872060110150056,1943.100000000004
CAF,NO_DATA,True,2022-05-15,0.0,0.0,4.70000000000006
CAN,NO_DATA,False,2022-06-06,2.50170000000071,0.07918935269228769,495.900000000006
CHE,NO_DATA,False,2022-06-20,2.974700000003213,0.19527580557106786,732.4000000000069
CHL,NO_DATA,False,2022-06-22,35.906400000001305,0.4470573679219878,2424.700000000007
CIV,NO_DATA,True,2022-06-12,0.04619999999999891,0.054198473282376,26.200000000000045
COD,NO_DATA,True,2022-06-12,0.0,0.0,6.199999999999939
COL,NO_DATA,True,2022-06-16,0.9214999999996507,0.16354541816724671,249.90000000000236
CPV,NO_DATA,False,2020-12-10,0.0,0.0,385.9
CRI,NO_DATA,False,2022-05-29,0.0,0.0,1605.2999999999997
CUB,NO_DATA,False,2021-07-04,0.0,0.0,2214.0000000000045
CUW,NO_DATA,False,2022-05-20,0.0,0.0,1209.899999999999
CYM,NO_DATA,False,2022-05-26,0.0,0.0,3949.499999999999
CYP,NO_DATA,False,2022-04-14,7.254399999999441,0.0,52500.30000000006
CZE,NO_DATA,True,2022-06-22,1.762899999995716,0.34734710409075553,246.9000000000051
DEU,NO_DATA,False,2022-06-12,0.0,0.0,742.4999999999955
DJI,NO_DATA,True,2022-05-01,0.0,0.0,182.40000000000123
DMA,NO_DATA,False,2022-05-31,0.0,0.0,3590.599999999995
DNK,NO_DATA,False,2022-06-22,1.0710000000079163,0.0,858.4000000000742
DOM,NO_DATA,False,2022-06-13,0.0,0.0,332.4000000000012
ECU,NO_DATA,True,2022-06-18,0.0,0.0,158.0999999999989
ESP,NO_DATA,False,2022-06-17,0.0,0.0,644.0000000000055
EST,NO_DATA,False,2022-06-21,5.127900000003865,0.5474971341233789,523.3999999999924
ETH,NO_DATA,True,2022-06-12,0.0008000000000265572,0.002173913043550415,36.80000000000021
FIN,NO_DATA,False,2022-06-20,0.0,0.0,505.8999999999969
FJI,NO_DATA,False,2022-06-19,0.0,0.0,459.1000000000008
FRA,NO_DATA,False,2022-06-18,0.0,0.0,2093.99999999996
FRO,NO_DATA,False,2022-02-24,0.0,0.0,7665.300000000025
GAB,NO_DATA,True,2022-05-01,0.0,0.0,48.19999999999709
GBR,NO_DATA,False,2022-05-19,4.196500000002561,0.07571163825064783,2698.0000000000473
GEO,NO_DATA,False,2022-04-11,6.436300000001211,0.0,748.1000000000222
GHA,NO_DATA,True,2022-05-18,0.1074999999999818,0.633333333333721,9.900000000000375
GIB,NO_DATA,False,2022-03-18,0.0,0.0,12280.400000000009
GIN,NO_DATA,True,2022-06-12,0.0,0.0,7.9999999999998295
GMB,NO_DATA,True,2022-02-08,0.0,0.0,39.00000000000006
GNB,NO_DATA,True,2022-06-12,0.0,0.0,42.60000000000019
GNQ,NO_DATA,False,2022-02-28,0.0,0.0,10833.499999999998
GRC,NO_DATA,False,2022-06-22,15.48389999999199,0.13836595264581167,6381.700000000001
GRD,NO_DATA,False,2022-06-08,0.0,0.0,1410.7999999999947
GTM,NO_DATA,False,2022-03-11,0.0055999999996856785,0.0,397.80000000000086
GUM,NO_DATA,False,2022-06-18,0.0,0.0,1995.4999999999927
HRV,NO_DATA,True,2022-06-23,2.1337999999988826,0.3122807017552833,262.2000000000071
HTI,NO_DATA,True,2022-05-26,0.0,0.0,13.400000000000034
HUN,NO_DATA,False,2022-05-02,0.4415000000008149,0.04596288262247449,414.90000000001146
IDN,NO_DATA,True,2022-03-21,0.021000000000276485,0.002836637047243942,292.5999999999988
IND,NO_DATA,True,2022-06-21,0.12029999999977008,0.023010459299572288,219.89999999999554
IRL,NO_DATA,False,2022-06-23,6.191399999998976,0.3889515685191389,726.8000000000029
IRN,NO_DATA,True,2022-06-01,0.0,0.0,203.30000000000155
IRQ,NO_DATA,True,2022-02-22,0.0,0.0,276.90000000000055
ISL,NO_DATA,False,2022-06-20,0.5364000000059604,0.030816959669422155,870.2999999999975
ISR,NO_DATA,False,2022-06-22,0.0,0.0,1975.9999999999309
ITA,NO_DATA,False,2022-06-22,1.8529999999969733,0.03614494785712234,2282.2000000000116
JAM,NO_DATA,False,2022-06-09,0.1415000000000873,0.004564208354813801,775.6000000000029
JOR,NO_DATA,True,2022-05-20,0.0,0.0,159.50000000000273
JPN,NO_DATA,False,2022-06-22,0.0,0.0,533.1999999999994
KAZ,NO_DATA,False,2021-06-08,0.0,0.0,1456.899999999996
KEN,NO_DATA,True,2022-05-18,0.0,0.0,32.19999999999885
KHM,NO_DATA,True,2022-06-13,0.017900000000008732,0.0,23.900000000000432
KNA,NO_DATA,False,2022-06-23,0.0,0.0,8959.000000000015
KOR,NO_DATA,False,2022-06-15,0.0,0.0,1575.0
KWT,NO_DATA,False,2022-03-12,0.46850000000267755,0.0,1170.5000000000155
LAO,NO_DATA,True,2022-05-12,0.0930000000000291,0.17733333333307438,30.000000000001137
LBN,NO_DATA,False,2021-06-14,0.0,0.0,1532.6000000000022
LBY,NO_DATA,False,2020-11-12,0.0,0.0,381.29999999999995
LCA,NO_DATA,False,2022-06-19,0.0,0.0,593.9000000000078
LIE,NO_DATA,False,2022-01-10,2.54089999999851,0.0,3949.8999999999796
LKA,NO_DATA,True,2022-06-14,0.013700000000244471,0.0,38.700000000000045
LSO,NO_DATA,True,2022-06-05,0.0,0.0,49.2999999999995
LTU,NO_DATA,True,2022-06-19,14.981500000000233,3.661314255434378,188.69999999997162
LUX,NO_DATA,False,2022-06-21,6.331099999998696,0.16443784329066524,1784.1999999999643
LVA,NO_DATA,False,2022-06-22,0.0,0.0,705.3000000000338
MAR,NO_DATA,True,2022-05-23,0.04809999999997672,0.01653404067180145,113.10000000000286
MDA,NO_DATA,False,2022-01-24,4.399700000000303,0.07125171467764699,2916.0
MDG,NO_DATA,True,2022-03-12,0.010099999999965803,0.06538461538438152,10.39999999999992
MDV,NO_DATA,False,2022-03-14,0.0,0.0,2514.300000000003
MEX,NO_DATA,True,2022-06-18,0.0,0.0,68.6000000000007
MKD,NO_DATA,True,2022-06-22,0.286600000000908,0.036215396284272935,263.70000000000573
MLI,NO_DATA,True,2022-06-12,0.0,0.0,19.200000000000017
MLT,NO_DATA,False,2022-06-22,0.9376000000018394,0.029404693461654995,1913.299999999981
MMR,NO_DATA,True,2022-06-22,0.10340000000014697,0.07786144578310439,66.40000000000157
MNG,NO_DATA,False,2022-04-15,0.41199999999953435,0.043101933216584884,682.7999999999975
MNP,NO_DATA,False,2021-12-04,54.46399999999558,0.0,331.3999999999851
MOZ,NO_DATA,True,2022-06-12,0.0,0.0,16.69999999999945
MRT,NO_DATA,True,2022-06-12,2.0480999999999767,0.6886884108257496,144.10000000000025
MWI,NO_DATA,True,2022-06-12,0.0,0.0,10.500000000000043
MYS,NO_DATA,False,2022-06-19,2.7490999999979975,0.16140533506805677,768.5000000000173
NAM,NO_DATA,False,2022-06-12,0.0,0.0,348.7000000000023
NER,NO_DATA,True,2022-05-15,0.0,0.0,5.499999999999972
NGA,NO_DATA,True,2022-03-02,0.0,0.0,58.8000000000001
NIC,NO_DATA,True,2022-05-01,0.028800000000001092,0.07128712871298719,20.199999999999818
NLD,NO_DATA,True,2022-06-20,1.1272999999986495,0.3177574835097499,197.10000000000036
NOR,NO_DATA,True,2022-06-21,1.80339999999851,0.3462813620068183,223.1999999999971
NPL,NO_DATA,True,2022-06-20,0.0,0.0,68.6000000000007
NZL,NO_DATA,False,2022-06-23,1430.1420999999973,330.07788147458086,428.5999999999831
OWID_KOS,NO_DATA,True,2022-06-21,0.0,0.0,84.10000000001219
PAK,NO_DATA,True,2022-06-23,0.0,0.0,35.69999999999993
PAN,NO_DATA,False,2022-06-22,0.2268000000010943,0.0,1436.5999999999985
PER,NO_DATA,False,2022-04-05,0.0,0.0,1020.900000000006
PHL,NO_DATA,True,2022-04-29,0.0,0.0,124.89999999999952
PLW,NO_DATA,False,2022-06-21,0.0,0.0,4516.199999999981
POL,NO_DATA,True,2022-06-16,1.3296999999991386,1.0303571428538787,61.599999999998545
PRI,NO_DATA,False,2022-06-18,0.0,0.0,620.1000000000022
PRK,NO_DATA,True,2021-11-11,0.0,0.0,5.600000000000005
PRT,NO_DATA,False,2022-06-01,1.1390999999945053,0.0178928657508226,3319.2000000000007
PRY,NO_DATA,True,2022-03-27,0.0,0.0,183.9999999999975
PSE,NO_DATA,True,2022-03-15,0.0,0.0,175.70000000000002
QAT,NO_DATA,False,2022-06-22,0.0,0.0,3729.1000000000167
ROU,NO_DATA,False,2022-03-10,3.2706999999994877,0.05807192880070809,2741.599999999994
RUS,NO_DATA,False,2022-05-29,32.133799999998885,2.1939852941175384,679.9999999999955
RWA,NO_DATA,True,2022-06-23,0.014600000000064029,0.006023102310257491,242.39999999999782
SAU,NO_DATA,False,2022-06-22,0.0,0.0,571.9000000000051
SEN,NO_DATA,True,2022-05-05,0.005700000000069849,0.0,31.19999999999976
SGP,NO_DATA,False,2022-06-20,0.0,0.0,3080.7
SLV,NO_DATA,False,2022-06-20,0.0,0.0,517.4999999999955
SRB,NO_DATA,False,2022-06-22,0.0,0.0,643.4999999999945
SSD,NO_DATA,True,2022-06-05,0.009199999999987085,0.0,60.900000000000176
STP,NO_DATA,False,2022-06-19,3.5181000000000493,0.7674810936590629,343.80000000000024
SUR,NO_DATA,True,2022-06-22,0.0,0.0,26.900000000000546
SVK,NO_DATA,True,2022-06-22,0.726500000001397,0.0584891822526909,272.6999999998952
SVN,NO_DATA,False,2022-06-22,1.320899999991525,0.06302729528472834,1047.8000000000065
SWE,NO_DATA,True,2022-06-19,1.668400000000838,0.46924504950577595,161.59999999999854
SWZ,NO_DATA,True,2022-06-12,0.0,0.0,201.400000000001
SYR,NO_DATA,True,2022-04-16,0.0,0.0,2.400000000000002
TCD,NO_DATA,True,2022-05-18,0.0,0.0,4.000000000000092
TGO,NO_DATA,True,2022-06-22,0.0,0.0,30.59999999999974
THA,NO_DATA,True,2022-06-04,1.894100000000617,0.9315596330283715,109.00000000000318
TLS,NO_DATA,False,2022-02-22,0.0,0.0,314.7999999999996
TTO,NO_DATA,False,2022-06-22,0.0,0.0,339.0000000000043
TUN,NO_DATA,True,2022-06-12,0.0,0.0,56.899999999996
TUR,NO_DATA,False,2022-05-31,0.0022999999986495824,0.0,1111.3999999999805
UGA,NO_DATA,True,2022-05-18,0.0,0.0,34.7999999999999
UKR,NO_DATA,False,2022-02-18,0.035200000001350415,0.0023781353525902907,845.1999999999998
URY,NO_DATA,False,2022-04-17,0.0,0.0,651.50000000001
USA,NO_DATA,False,2022-06-18,0.0,0.0,989.1999999999825
VCT,NO_DATA,False,2022-06-21,0.0,0.0,336.4000000000033
VIR,NO_DATA,False,2022-06-19,0.0,0.0,380.70000000000164
VNM,NO_DATA,True,2022-06-12,0.0,0.0,1.1000000000080945
VUT,NO_DATA,True,2022-02-27,0.0,0.0,166.70000000000016
ZAF,NO_DATA,True,2022-06-22,0.016700000000128057,0.005934718101235846,168.49999999999454
ZMB,NO_DATA,True,2022-06-15,0.769300000000294,0.3601572739191762,76.29999999999768
ZWE,NO_DATA,True,2022-06-12,0.0,0.0,102.40000000000009
NO_DATA,NO_DATA,True,,0.0,0.0,0.0
